{
"lengthUnit": "mil",
"remark": [],
"components": {
	"fields": ["COMPONENT_NO", "COMPONENT_NAME", "LAYER", "X_COORDINATE", "Y_COORDINATE", "ANGLE"],
	"rows": [
		[1, "1kR", "T", 3250, -2000, 0],
		[2, "2N2222", "T", 2990, -1900, 0],
		[3, "3.7V 18650", "T", 2570, -2555, 90],
		[4, "10kR", "T", 3249.37, -1824.37, 0],
		[5, "100uF", "T", 3850, -1905, 0],
		[6, "100uF", "T", 3525, -1900, 0],
		[7, "DHT22", "T", 4445, -2040, 0],
		[8, "ESP32 C3 SUPERMINI", "T", 1465, -1475, 0],
		[9, "LDR", "T", 4250, -2895, 270],
		[10, "MT3608", "T", 2370, -600, 0],
		[11, "Soil moisture", "T", 4595, -2500, 90],
		[12, "Solar panel", "T", 4570, -2870, 0],
		[13, "SS14", "T", 4158.022, -1797.099, 0],
		[14, "SS14", "T", 4155, -1970, 0],
		[15, "TP4056", "T", 2075, -1015, 270],
		[16, "Water level", "T", 4605, -1170, 90],
		[17, "Water pump", "T", 4575, -1610, 0],
		[18, "PAD1", "T", 1835, -1855, 0],
		[19, "PAD2", "T", 1835, -1755, 0],
		[20, "PAD3", "T", 1835, -1655, 0],
		[21, "PAD4", "T", 1835, -1555, 0],
		[22, "PAD5", "T", 1835, -1455, 0],
		[23, "PAD6", "T", 1835, -1355, 0],
		[24, "PAD7", "T", 1835, -1255, 0],
		[25, "PAD8", "T", 1835, -1155, 0],
		[26, "PAD9", "T", 4196.5, -2555, 0],
		[27, "PAD10", "T", 943.5, -2555, 0],
		[28, "PAD11", "T", 3899.21, -1905, 0],
		[29, "PAD11", "B", 3899.21, -1905, 0],
		[30, "PAD12", "T", 3800.79, -1905, 0],
		[31, "PAD12", "B", 3800.79, -1905, 0],
		[32, "PAD13", "T", 3574.21, -1900, 0],
		[33, "PAD13", "B", 3574.21, -1900, 0],
		[34, "PAD14", "T", 3475.79, -1900, 0],
		[35, "PAD14", "B", 3475.79, -1900, 0],
		[36, "PAD15", "T", 4057.022, -1797.099, 0],
		[37, "PAD16", "T", 4259.022, -1797.099, 0],
		[38, "PAD17", "T", 4595, -2600, 0],
		[39, "PAD17", "B", 4595, -2600, 0],
		[40, "PAD18", "T", 4595, -2500, 0],
		[41, "PAD18", "B", 4595, -2500, 0],
		[42, "PAD19", "T", 4595, -2400, 0],
		[43, "PAD19", "B", 4595, -2400, 0],
		[44, "PAD20", "T", 4605, -1070, 0],
		[45, "PAD20", "B", 4605, -1070, 0],
		[46, "PAD21", "T", 4605, -1170, 0],
		[47, "PAD21", "B", 4605, -1170, 0],
		[48, "PAD22", "T", 4605, -1270, 0],
		[49, "PAD22", "B", 4605, -1270, 0],
		[50, "PAD23", "T", 3040, -1900, 0],
		[51, "PAD23", "B", 3040, -1900, 0],
		[52, "PAD24", "T", 2990, -1900, 0],
		[53, "PAD24", "B", 2990, -1900, 0],
		[54, "PAD25", "T", 2940, -1900, 0],
		[55, "PAD25", "B", 2940, -1900, 0],
		[56, "PAD26", "T", 4183.07, -2895, 0],
		[57, "PAD26", "B", 4183.07, -2895, 0],
		[58, "PAD27", "T", 4316.93, -2895, 0],
		[59, "PAD27", "B", 4316.93, -2895, 0],
		[60, "PAD28", "T", 3288.74, -1824.37, 0],
		[61, "PAD29", "T", 3210, -1824.37, 0],
		[62, "PAD30", "T", 3289.37, -2000, 0],
		[63, "PAD31", "T", 3210.63, -2000, 0],
		[64, "PAD32", "T", 4570, -2770, 0],
		[65, "PAD33", "T", 4570, -2870, 0],
		[66, "PAD34", "T", 2153.74, -1093.74, 0],
		[67, "PAD34", "B", 2153.74, -1093.74, 0],
		[68, "PAD35", "T", 2665.49, -1093.82, 0],
		[69, "PAD35", "B", 2665.49, -1093.82, 0],
		[70, "PAD36", "T", 2567.12, -1959.88, 0],
		[71, "PAD36", "B", 2567.12, -1959.88, 0],
		[72, "PAD37", "T", 2252.1, -1959.96, 0],
		[73, "PAD37", "B", 2252.1, -1959.96, 0],
		[74, "PAD38", "T", 4445, -2190, 0],
		[75, "PAD38", "B", 4445, -2190, 0],
		[76, "PAD39", "T", 4445, -2090, 0],
		[77, "PAD39", "B", 4445, -2090, 0],
		[78, "PAD40", "T", 4445, -1890, 0],
		[79, "PAD40", "B", 4445, -1890, 0],
		[80, "PAD41", "T", 4575, -1510, 0],
		[81, "PAD42", "T", 4575, -1610, 0],
		[82, "PAD43", "T", 4054, -1970, 0],
		[83, "PAD44", "T", 4256, -1970, 0],
		[84, "PAD45", "T", 2972.5, -1220, 0],
		[85, "PAD45", "B", 2972.5, -1220, 0],
		[86, "PAD46", "T", 2973, -1480, 0],
		[87, "PAD46", "B", 2973, -1480, 0],
		[88, "PAD47", "T", 4195.97, -1219.5, 0],
		[89, "PAD47", "B", 4195.97, -1219.5, 0],
		[90, "PAD48", "T", 4195.97, -1479.35, 0],
		[91, "PAD48", "B", 4195.97, -1479.35, 0]
	]
},
"pins": {
	"fields": ["PIN_NO", "PIN_NAME", "PIN_X", "PIN_Y", "LAYER", "PIN_TYPE", "NET_NAME", "NET_TYPE", "PAD_SHAPE", "PAD_SIZEX", "PAD_SIZEY", "HOLE_SIZE", "HOLE_LEN", "PAD_ANGLE"],
	"rows": [
		[1, "1kR_1", 3210.63, -2000, "T", "SMD", "$1N2354", "", "R", 44.588, 54.213, 0, 0, 0],
		[2, "1kR_2", 3289.37, -2000, "T", "SMD", "IO3", "", "R", 44.588, 54.213, 0, 0, 0],
		[3, "2N2222_1", 2940, -1900, "T", "DIP", "GND", "GND", "R", 35.433, 62.992, 27.56, 27.56, 0],
		[4, "2N2222_1", 2940, -1900, "B", "DIP", "GND", "GND", "R", 35.433, 62.992, 27.56, 27.56, 0],
		[5, "2N2222_2", 2990, -1900, "T", "DIP", "$1N2354", "", "O", 35.433, 62.992, 27.56, 27.56, 0],
		[6, "2N2222_2", 2990, -1900, "B", "DIP", "$1N2354", "", "O", 35.433, 62.992, 27.56, 27.56, 0],
		[7, "2N2222_3", 3040, -1900, "T", "DIP", "WP-", "", "O", 35.433, 62.992, 27.56, 27.56, 0],
		[8, "2N2222_3", 3040, -1900, "B", "DIP", "WP-", "", "O", 35.433, 62.992, 27.56, 27.56, 0],
		[9, "3.7V 18650_1", 4196.5, -2555, "T", "SMD", "BAT-", "", "R", 300, 200, 0, 0, 90],
		[10, "3.7V 18650_2", 943.5, -2555, "T", "SMD", "BAT+", "", "R", 300, 200, 0, 0, 90],
		[11, "10kR_1", 3210, -1824.37, "T", "SMD", "GND", "GND", "R", 44.588, 54.213, 0, 0, 0],
		[12, "10kR_2", 3288.74, -1824.37, "T", "SMD", "IO1", "", "R", 44.588, 54.213, 0, 0, 0],
		[13, "100uF_1", 3800.79, -1905, "T", "DIP", "SO+", "", "C", 59.055, 59.055, 35.434, 35.434, 0],
		[14, "100uF_1", 3800.79, -1905, "B", "DIP", "SO+", "", "C", 59.055, 59.055, 35.434, 35.434, 0],
		[15, "100uF_2", 3899.21, -1905, "T", "DIP", "SO-", "", "C", 59.055, 59.055, 35.434, 35.434, 0],
		[16, "100uF_2", 3899.21, -1905, "B", "DIP", "SO-", "", "C", 59.055, 59.055, 35.434, 35.434, 0],
		[17, "100uF_1", 3475.79, -1900, "T", "DIP", "BAT+", "", "C", 59.055, 59.055, 35.434, 35.434, 0],
		[18, "100uF_1", 3475.79, -1900, "B", "DIP", "BAT+", "", "C", 59.055, 59.055, 35.434, 35.434, 0],
		[19, "100uF_2", 3574.21, -1900, "T", "DIP", "BAT-", "", "C", 59.055, 59.055, 35.434, 35.434, 0],
		[20, "100uF_2", 3574.21, -1900, "B", "DIP", "BAT-", "", "C", 59.055, 59.055, 35.434, 35.434, 0],
		[21, "DHT22_1", 4445, -2190, "T", "DIP", "VCC", "", "R", 51, 51, 28, 28, 270],
		[22, "DHT22_1", 4445, -2190, "B", "DIP", "VCC", "", "R", 51, 51, 28, 28, 270],
		[23, "DHT22_2", 4445, -2090, "T", "DIP", "IO4", "", "C", 51, 51, 28, 28, 270],
		[24, "DHT22_2", 4445, -2090, "B", "DIP", "IO4", "", "C", 51, 51, 28, 28, 270],
		[25, "DHT22_3", 4445, -1990, "T", "DIP", "NET_1", "", "C", 51, 51, 28, 28, 270],
		[26, "DHT22_3", 4445, -1990, "B", "DIP", "NET_1", "", "C", 51, 51, 28, 28, 270],
		[27, "DHT22_4", 4445, -1890, "T", "DIP", "GND", "GND", "C", 51, 51, 28, 28, 270],
		[28, "DHT22_4", 4445, -1890, "B", "DIP", "GND", "GND", "C", 51, 51, 28, 28, 270],
		[29, "ESP32 C3 SUPERMINI_1", 1095, -1155, "T", "SMD", "NET_2", "", "R", 100, 60, 0, 0, 0],
		[30, "ESP32 C3 SUPERMINI_2", 1095, -1255, "T", "SMD", "NET_3", "", "R", 100, 60, 0, 0, 0],
		[31, "ESP32 C3 SUPERMINI_3", 1095, -1355, "T", "SMD", "NET_4", "", "R", 100, 60, 0, 0, 0],
		[32, "ESP32 C3 SUPERMINI_4", 1095, -1455, "T", "SMD", "NET_5", "", "R", 100, 60, 0, 0, 0],
		[33, "ESP32 C3 SUPERMINI_5", 1095, -1555, "T", "SMD", "NET_6", "", "R", 100, 60, 0, 0, 0],
		[34, "ESP32 C3 SUPERMINI_6", 1095, -1655, "T", "SMD", "NET_7", "", "R", 100, 60, 0, 0, 0],
		[35, "ESP32 C3 SUPERMINI_7", 1095, -1755, "T", "SMD", "NET_8", "", "R", 100, 60, 0, 0, 0],
		[36, "ESP32 C3 SUPERMINI_8", 1095, -1855, "T", "SMD", "NET_9", "", "R", 100, 60, 0, 0, 0],
		[37, "ESP32 C3 SUPERMINI_9", 1835, -1855, "T", "SMD", "IO0", "", "R", 100, 60, 0, 0, 0],
		[38, "ESP32 C3 SUPERMINI_10", 1835, -1755, "T", "SMD", "IO1", "", "R", 100, 60, 0, 0, 0],
		[39, "ESP32 C3 SUPERMINI_11", 1835, -1655, "T", "SMD", "IO2", "", "R", 100, 60, 0, 0, 0],
		[40, "ESP32 C3 SUPERMINI_12", 1835, -1555, "T", "SMD", "IO3", "", "R", 100, 60, 0, 0, 0],
		[41, "ESP32 C3 SUPERMINI_13", 1835, -1455, "T", "SMD", "IO4", "", "R", 100, 60, 0, 0, 0],
		[42, "ESP32 C3 SUPERMINI_14", 1835, -1355, "T", "SMD", "VCC", "", "R", 100, 60, 0, 0, 0],
		[43, "ESP32 C3 SUPERMINI_15", 1835, -1255, "T", "SMD", "GND", "GND", "R", 100, 60, 0, 0, 0],
		[44, "ESP32 C3 SUPERMINI_16", 1835, -1155, "T", "SMD", "+5V", "", "R", 100, 60, 0, 0, 0],
		[45, "LDR_1", 4316.93, -2895, "T", "DIP", "IO1", "", "C", 60, 60, 30, 30, 180],
		[46, "LDR_1", 4316.93, -2895, "B", "DIP", "IO1", "", "C", 60, 60, 30, 30, 180],
		[47, "LDR_2", 4183.07, -2895, "T", "DIP", "VCC", "", "C", 60, 60, 30, 30, 180],
		[48, "LDR_2", 4183.07, -2895, "B", "DIP", "VCC", "", "C", 60, 60, 30, 30, 180],
		[49, "MT3608_1", 4195.97, -1219.5, "T", "DIP", "BAT+", "", "R", 196.85, 118.11, 35.984, 35.984, 0],
		[50, "MT3608_1", 4195.97, -1219.5, "B", "DIP", "BAT+", "", "R", 196.85, 118.11, 35.984, 35.984, 0],
		[51, "MT3608_2", 4195.97, -1479.35, "T", "DIP", "BAT-", "", "R", 196.85, 118.11, 36, 36, 0],
		[52, "MT3608_2", 4195.97, -1479.35, "B", "DIP", "BAT-", "", "R", 196.85, 118.11, 36, 36, 0],
		[53, "MT3608_3", 2973, -1480, "T", "DIP", "GND", "GND", "R", 196.85, 118.11, 36, 36, 0],
		[54, "MT3608_3", 2973, -1480, "B", "DIP", "GND", "GND", "R", 196.85, 118.11, 36, 36, 0],
		[55, "MT3608_4", 2972.5, -1220, "T", "DIP", "$1N3894", "", "R", 196.85, 118.11, 35.984, 35.984, 0],
		[56, "MT3608_4", 2972.5, -1220, "B", "DIP", "$1N3894", "", "R", 196.85, 118.11, 35.984, 35.984, 0],
		[57, "Soil moisture_1", 4595, -2600, "T", "DIP", "GND", "GND", "R", 66.929, 66.929, 43.308, 43.308, 90],
		[58, "Soil moisture_1", 4595, -2600, "B", "DIP", "GND", "GND", "R", 66.929, 66.929, 43.308, 43.308, 90],
		[59, "Soil moisture_2", 4595, -2500, "T", "DIP", "VCC", "", "C", 66.929, 66.929, 43.308, 43.308, 90],
		[60, "Soil moisture_2", 4595, -2500, "B", "DIP", "VCC", "", "C", 66.929, 66.929, 43.308, 43.308, 90],
		[61, "Soil moisture_3", 4595, -2400, "T", "DIP", "IO0", "", "C", 66.929, 66.929, 43.308, 43.308, 90],
		[62, "Soil moisture_3", 4595, -2400, "B", "DIP", "IO0", "", "C", 66.929, 66.929, 43.308, 43.308, 90],
		[63, "Solar panel_1", 4570, -2770, "T", "SMD", "SO+", "", "R", 124.8, 50, 0, 0, 0],
		[64, "Solar panel_2", 4570, -2870, "T", "SMD", "SO-", "", "R", 124.8, 50, 0, 0, 0],
		[65, "SS14_1", 4057.022, -1797.099, "T", "SMD", "BAT+", "", "R", 86.614, 66.929, 0, 0, 0],
		[66, "SS14_2", 4259.022, -1797.099, "T", "SMD", "$1N1386", "", "R", 86.614, 66.929, 0, 0, 0],
		[67, "SS14_1", 4054, -1970, "T", "SMD", "+5V", "", "R", 86.614, 66.929, 0, 0, 0],
		[68, "SS14_2", 4256, -1970, "T", "SMD", "$1N3894", "", "R", 86.614, 66.929, 0, 0, 0],
		[69, "TP4056_1", 2665.49, -1093.82, "T", "DIP", "SO+", "", "R", 60, 60, 36, 36, 270],
		[70, "TP4056_1", 2665.49, -1093.82, "B", "DIP", "SO+", "", "R", 60, 60, 36, 36, 270],
		[71, "TP4056_2", 2153.74, -1093.74, "T", "DIP", "SO-", "", "R", 60, 60, 36, 36, 270],
		[72, "TP4056_2", 2153.74, -1093.74, "B", "DIP", "SO-", "", "R", 60, 60, 36, 36, 270],
		[73, "TP4056_3", 2665.55, -1959.88, "T", "DIP", "NET_10", "", "R", 60, 60, 36, 36, 270],
		[74, "TP4056_3", 2665.55, -1959.88, "B", "DIP", "NET_10", "", "R", 60, 60, 36, 36, 270],
		[75, "TP4056_4", 2567.12, -1959.88, "T", "DIP", "$1N1386", "", "R", 60, 60, 36, 36, 270],
		[76, "TP4056_4", 2567.12, -1959.88, "B", "DIP", "$1N1386", "", "R", 60, 60, 36, 36, 270],
		[77, "TP4056_5", 2252.1, -1959.96, "T", "DIP", "BAT-", "", "R", 60, 60, 36, 36, 270],
		[78, "TP4056_5", 2252.1, -1959.96, "B", "DIP", "BAT-", "", "R", 60, 60, 36, 36, 270],
		[79, "TP4056_6", 2153.7, -1959.9, "T", "DIP", "NET_11", "", "R", 60, 60, 36, 36, 270],
		[80, "TP4056_6", 2153.7, -1959.9, "B", "DIP", "NET_11", "", "R", 60, 60, 36, 36, 270],
		[81, "Water level_1", 4605, -1270, "T", "DIP", "GND", "GND", "R", 62, 62, 40.158, 40.158, 90],
		[82, "Water level_1", 4605, -1270, "B", "DIP", "GND", "GND", "R", 62, 62, 40.158, 40.158, 90],
		[83, "Water level_2", 4605, -1170, "T", "DIP", "VCC", "", "C", 62, 62, 40.158, 40.158, 90],
		[84, "Water level_2", 4605, -1170, "B", "DIP", "VCC", "", "C", 62, 62, 40.158, 40.158, 90],
		[85, "Water level_3", 4605, -1070, "T", "DIP", "IO2", "", "C", 62, 62, 40.158, 40.158, 90],
		[86, "Water level_3", 4605, -1070, "B", "DIP", "IO2", "", "C", 62, 62, 40.158, 40.158, 90],
		[87, "Water pump_1", 4575, -1510, "T", "SMD", "VCC", "", "R", 124.8, 50, 0, 0, 0],
		[88, "Water pump_2", 4575, -1610, "T", "SMD", "WP-", "", "R", 124.8, 50, 0, 0, 0],
		[89, "PAD1_9", 1835, -1855, "T", "SMD", "IO0", "", "R", 100, 60, 0, 0, 0],
		[90, "PAD2_10", 1835, -1755, "T", "SMD", "IO1", "", "R", 100, 60, 0, 0, 0],
		[91, "PAD3_11", 1835, -1655, "T", "SMD", "IO2", "", "R", 100, 60, 0, 0, 0],
		[92, "PAD4_12", 1835, -1555, "T", "SMD", "IO3", "", "R", 100, 60, 0, 0, 0],
		[93, "PAD5_13", 1835, -1455, "T", "SMD", "IO4", "", "R", 100, 60, 0, 0, 0],
		[94, "PAD6_14", 1835, -1355, "T", "SMD", "VCC", "", "R", 100, 60, 0, 0, 0],
		[95, "PAD7_15", 1835, -1255, "T", "SMD", "GND", "GND", "R", 100, 60, 0, 0, 0],
		[96, "PAD8_16", 1835, -1155, "T", "SMD", "+5V", "", "R", 100, 60, 0, 0, 0],
		[97, "PAD9_1", 4196.5, -2555, "T", "SMD", "BAT-", "", "R", 300, 200, 0, 0, 90],
		[98, "PAD10_2", 943.5, -2555, "T", "SMD", "BAT+", "", "R", 300, 200, 0, 0, 90],
		[99, "PAD11_2", 3899.21, -1905, "T", "DIP", "SO-", "", "C", 59.055, 59.055, 35.434, 35.434, 0],
		[100, "PAD11_2", 3899.21, -1905, "B", "DIP", "SO-", "", "C", 59.055, 59.055, 35.434, 35.434, 0],
		[101, "PAD12_1", 3800.79, -1905, "T", "DIP", "SO+", "", "C", 59.055, 59.055, 35.434, 35.434, 0],
		[102, "PAD12_1", 3800.79, -1905, "B", "DIP", "SO+", "", "C", 59.055, 59.055, 35.434, 35.434, 0],
		[103, "PAD13_2", 3574.21, -1900, "T", "DIP", "BAT-", "", "C", 59.055, 59.055, 35.434, 35.434, 0],
		[104, "PAD13_2", 3574.21, -1900, "B", "DIP", "BAT-", "", "C", 59.055, 59.055, 35.434, 35.434, 0],
		[105, "PAD14_1", 3475.79, -1900, "T", "DIP", "BAT+", "", "C", 59.055, 59.055, 35.434, 35.434, 0],
		[106, "PAD14_1", 3475.79, -1900, "B", "DIP", "BAT+", "", "C", 59.055, 59.055, 35.434, 35.434, 0],
		[107, "PAD15_1", 4057.022, -1797.099, "T", "SMD", "BAT+", "", "R", 86.614, 66.929, 0, 0, 0],
		[108, "PAD16_2", 4259.022, -1797.099, "T", "SMD", "$1N1386", "", "R", 86.614, 66.929, 0, 0, 0],
		[109, "PAD17_1", 4595, -2600, "T", "DIP", "GND", "GND", "R", 66.929, 66.929, 43.308, 43.308, 90],
		[110, "PAD17_1", 4595, -2600, "B", "DIP", "GND", "GND", "R", 66.929, 66.929, 43.308, 43.308, 90],
		[111, "PAD18_2", 4595, -2500, "T", "DIP", "VCC", "", "C", 66.929, 66.929, 43.308, 43.308, 90],
		[112, "PAD18_2", 4595, -2500, "B", "DIP", "VCC", "", "C", 66.929, 66.929, 43.308, 43.308, 90],
		[113, "PAD19_3", 4595, -2400, "T", "DIP", "IO0", "", "C", 66.929, 66.929, 43.308, 43.308, 90],
		[114, "PAD19_3", 4595, -2400, "B", "DIP", "IO0", "", "C", 66.929, 66.929, 43.308, 43.308, 90],
		[115, "PAD20_3", 4605, -1070, "T", "DIP", "IO2", "", "C", 62, 62, 40.158, 40.158, 90],
		[116, "PAD20_3", 4605, -1070, "B", "DIP", "IO2", "", "C", 62, 62, 40.158, 40.158, 90],
		[117, "PAD21_2", 4605, -1170, "T", "DIP", "VCC", "", "C", 62, 62, 40.158, 40.158, 90],
		[118, "PAD21_2", 4605, -1170, "B", "DIP", "VCC", "", "C", 62, 62, 40.158, 40.158, 90],
		[119, "PAD22_1", 4605, -1270, "T", "DIP", "GND", "GND", "R", 62, 62, 40.158, 40.158, 90],
		[120, "PAD22_1", 4605, -1270, "B", "DIP", "GND", "GND", "R", 62, 62, 40.158, 40.158, 90],
		[121, "PAD23_3", 3040, -1900, "T", "DIP", "WP-", "", "O", 35.433, 62.992, 27.56, 27.56, 0],
		[122, "PAD23_3", 3040, -1900, "B", "DIP", "WP-", "", "O", 35.433, 62.992, 27.56, 27.56, 0],
		[123, "PAD24_2", 2990, -1900, "T", "DIP", "$1N2354", "", "O", 35.433, 62.992, 27.56, 27.56, 0],
		[124, "PAD24_2", 2990, -1900, "B", "DIP", "$1N2354", "", "O", 35.433, 62.992, 27.56, 27.56, 0],
		[125, "PAD25_1", 2940, -1900, "T", "DIP", "GND", "GND", "R", 35.433, 62.992, 27.56, 27.56, 0],
		[126, "PAD25_1", 2940, -1900, "B", "DIP", "GND", "GND", "R", 35.433, 62.992, 27.56, 27.56, 0],
		[127, "PAD26_2", 4183.07, -2895, "T", "DIP", "VCC", "", "C", 60, 60, 30, 30, 180],
		[128, "PAD26_2", 4183.07, -2895, "B", "DIP", "VCC", "", "C", 60, 60, 30, 30, 180],
		[129, "PAD27_1", 4316.93, -2895, "T", "DIP", "IO1", "", "C", 60, 60, 30, 30, 180],
		[130, "PAD27_1", 4316.93, -2895, "B", "DIP", "IO1", "", "C", 60, 60, 30, 30, 180],
		[131, "PAD28_2", 3288.74, -1824.37, "T", "SMD", "IO1", "", "R", 44.588, 54.213, 0, 0, 0],
		[132, "PAD29_1", 3210, -1824.37, "T", "SMD", "GND", "GND", "R", 44.588, 54.213, 0, 0, 0],
		[133, "PAD30_2", 3289.37, -2000, "T", "SMD", "IO3", "", "R", 44.588, 54.213, 0, 0, 0],
		[134, "PAD31_1", 3210.63, -2000, "T", "SMD", "$1N2354", "", "R", 44.588, 54.213, 0, 0, 0],
		[135, "PAD32_1", 4570, -2770, "T", "SMD", "SO+", "", "R", 124.8, 50, 0, 0, 0],
		[136, "PAD33_2", 4570, -2870, "T", "SMD", "SO-", "", "R", 124.8, 50, 0, 0, 0],
		[137, "PAD34_2", 2153.74, -1093.74, "T", "DIP", "SO-", "", "R", 60, 60, 36, 36, 270],
		[138, "PAD34_2", 2153.74, -1093.74, "B", "DIP", "SO-", "", "R", 60, 60, 36, 36, 270],
		[139, "PAD35_1", 2665.49, -1093.82, "T", "DIP", "SO+", "", "R", 60, 60, 36, 36, 270],
		[140, "PAD35_1", 2665.49, -1093.82, "B", "DIP", "SO+", "", "R", 60, 60, 36, 36, 270],
		[141, "PAD36_4", 2567.12, -1959.88, "T", "DIP", "$1N1386", "", "R", 60, 60, 36, 36, 270],
		[142, "PAD36_4", 2567.12, -1959.88, "B", "DIP", "$1N1386", "", "R", 60, 60, 36, 36, 270],
		[143, "PAD37_5", 2252.1, -1959.96, "T", "DIP", "BAT-", "", "R", 60, 60, 36, 36, 270],
		[144, "PAD37_5", 2252.1, -1959.96, "B", "DIP", "BAT-", "", "R", 60, 60, 36, 36, 270],
		[145, "PAD38_1", 4445, -2190, "T", "DIP", "VCC", "", "R", 51, 51, 28, 28, 270],
		[146, "PAD38_1", 4445, -2190, "B", "DIP", "VCC", "", "R", 51, 51, 28, 28, 270],
		[147, "PAD39_2", 4445, -2090, "T", "DIP", "IO4", "", "C", 51, 51, 28, 28, 270],
		[148, "PAD39_2", 4445, -2090, "B", "DIP", "IO4", "", "C", 51, 51, 28, 28, 270],
		[149, "PAD40_4", 4445, -1890, "T", "DIP", "GND", "GND", "C", 51, 51, 28, 28, 270],
		[150, "PAD40_4", 4445, -1890, "B", "DIP", "GND", "GND", "C", 51, 51, 28, 28, 270],
		[151, "PAD41_1", 4575, -1510, "T", "SMD", "VCC", "", "R", 124.8, 50, 0, 0, 0],
		[152, "PAD42_2", 4575, -1610, "T", "SMD", "WP-", "", "R", 124.8, 50, 0, 0, 0],
		[153, "PAD43_1", 4054, -1970, "T", "SMD", "+5V", "", "R", 86.614, 66.929, 0, 0, 0],
		[154, "PAD44_2", 4256, -1970, "T", "SMD", "$1N3894", "", "R", 86.614, 66.929, 0, 0, 0],
		[155, "PAD45_4", 2972.5, -1220, "T", "DIP", "$1N3894", "", "R", 196.85, 118.11, 35.984, 35.984, 0],
		[156, "PAD45_4", 2972.5, -1220, "B", "DIP", "$1N3894", "", "R", 196.85, 118.11, 35.984, 35.984, 0],
		[157, "PAD46_3", 2973, -1480, "T", "DIP", "GND", "GND", "R", 196.85, 118.11, 36, 36, 0],
		[158, "PAD46_3", 2973, -1480, "B", "DIP", "GND", "GND", "R", 196.85, 118.11, 36, 36, 0],
		[159, "PAD47_1", 4195.97, -1219.5, "T", "DIP", "BAT+", "", "R", 196.85, 118.11, 35.984, 35.984, 0],
		[160, "PAD47_1", 4195.97, -1219.5, "B", "DIP", "BAT+", "", "R", 196.85, 118.11, 35.984, 35.984, 0],
		[161, "PAD48_2", 4195.97, -1479.35, "T", "DIP", "BAT-", "", "R", 196.85, 118.11, 36, 36, 0],
		[162, "PAD48_2", 4195.97, -1479.35, "B", "DIP", "BAT-", "", "R", 196.85, 118.11, 36, 36, 0]
	]
}
}