{
"lengthUnit": "mil",
"remark": [],
"components": {
	"fields": ["COMPONENT_NO", "COMPONENT_NAME", "LAYER", "X_COORDINATE", "Y_COORDINATE", "ANGLE"],
	"rows": [
		[1, "1kR", "T", 2946.26, -1700, 180],
		[2, "5V supply", "T", 3158.779, -1265, 270],
		[3, "100nF", "T", 3171.6684, -1028.171, 180],
		[4, "100uF", "T", 3175, -840, 0],
		[5, "ESP32 C3 SUPERMINI", "T", 2700, -1165, 0],
		[6, "NPN", "T", 2710.305, -1709.6832, 0],
		[7, "Pump switch", "T", 1845, -1645, 180],
		[8, "RELAY", "T", 1950, -1160, 90],
		[9, "SS14", "T", 2455, -1710, 0],
		[10, "Water pump", "T", 3158.779, -1590, 270],
		[11, "PAD1", "T", 3135.63, -840, 0],
		[12, "PAD1", "B", 3135.63, -840, 0],
		[13, "PAD2", "T", 3214.37, -840, 0],
		[14, "PAD2", "B", 3214.37, -840, 0],
		[15, "PAD3", "T", 3132.2984, -1028.171, 0],
		[16, "PAD4", "T", 3211.0384, -1028.171, 0],
		[17, "PAD5", "T", 3158.779, -1315, 0],
		[18, "PAD5", "B", 3158.779, -1315, 0],
		[19, "PAD6", "T", 3158.779, -1215, 0],
		[20, "PAD6", "B", 3158.779, -1215, 0],
		[21, "PAD7", "T", 3158.779, -1640, 0],
		[22, "PAD7", "B", 3158.779, -1640, 0],
		[23, "PAD8", "T", 3158.779, -1540, 0],
		[24, "PAD8", "B", 3158.779, -1540, 0],
		[25, "PAD9", "T", 2532.36, -1710, 0],
		[26, "PAD10", "T", 2377.64, -1710, 0],
		[27, "PAD11", "T", 2758.93, -1747.0832, 0],
		[28, "PAD12", "T", 2758.93, -1672.2832, 0],
		[29, "PAD13", "T", 2661.68, -1709.6832, 0],
		[30, "PAD14", "T", 2906.89, -1700, 0],
		[31, "PAD15", "T", 2985.63, -1700, 0],
		[32, "PAD16", "T", 2186.2, -880.47, 0],
		[33, "PAD16", "B", 2186.2, -880.47, 0],
		[34, "PAD17", "T", 1950, -1439.53, 0],
		[35, "PAD17", "B", 1950, -1439.53, 0],
		[36, "PAD18", "T", 1713.78, -1360.79, 0],
		[37, "PAD18", "B", 1713.78, -1360.79, 0],
		[38, "PAD19", "T", 2186.22, -1360.79, 0],
		[39, "PAD19", "B", 2186.22, -1360.79, 0],
		[40, "PAD20", "T", 2971.5, -1524.5, 0],
		[41, "PAD20", "B", 2971.5, -1524.5, 0],
		[42, "PAD21", "T", 2971.5, -1424.5, 0],
		[43, "PAD21", "B", 2971.5, -1424.5, 0],
		[44, "PAD22", "T", 2971.5, -929.5, 0],
		[45, "PAD22", "B", 2971.5, -929.5, 0],
		[46, "PAD23", "T", 2971.5, -824.5, 0],
		[47, "PAD23", "B", 2971.5, -824.5, 0],
		[48, "PAD24", "T", 2010.35, -1733.58, 0],
		[49, "PAD25", "T", 1679.65, -1733.58, 0],
		[50, "PAD26", "T", 2010.35, -1556.42, 0],
		[51, "PAD27", "T", 1679.65, -1556.42, 0]
	]
},
"pins": {
	"fields": ["PIN_NO", "PIN_NAME", "PIN_X", "PIN_Y", "LAYER", "PIN_TYPE", "NET_NAME", "NET_TYPE", "PAD_SHAPE", "PAD_SIZEX", "PAD_SIZEY", "HOLE_SIZE", "HOLE_LEN", "PAD_ANGLE"],
	"rows": [
		[1, "1kR_1", 2985.63, -1700, "T", "SMD", "REL", "", "R", 44.588, 54.213, 0, 0, 180],
		[2, "1kR_2", 2906.89, -1700, "T", "SMD", "$1N674", "", "R", 44.588, 54.213, 0, 0, 180],
		[3, "5V supply_1", 3158.779, -1315, "T", "DIP", "GND", "GND", "C", 66.929, 66.929, 39.37, 39.37, 90],
		[4, "5V supply_1", 3158.779, -1315, "B", "DIP", "GND", "GND", "C", 66.929, 66.929, 39.37, 39.37, 90],
		[5, "5V supply_2", 3158.779, -1215, "T", "DIP", "+5V", "", "C", 66.929, 66.929, 39.37, 39.37, 90],
		[6, "5V supply_2", 3158.779, -1215, "B", "DIP", "+5V", "", "C", 66.929, 66.929, 39.37, 39.37, 90],
		[7, "100nF_1", 3211.0384, -1028.171, "T", "SMD", "GND", "GND", "R", 55.512, 53.15, 0, 0, 180],
		[8, "100nF_2", 3132.2984, -1028.171, "T", "SMD", "+5V", "", "R", 55.512, 53.15, 0, 0, 180],
		[9, "100uF_1", 3135.63, -840, "T", "DIP", "+5V", "", "C", 51.181, 51.181, 31.496, 31.496, 0],
		[10, "100uF_1", 3135.63, -840, "B", "DIP", "+5V", "", "C", 51.181, 51.181, 31.496, 31.496, 0],
		[11, "100uF_2", 3214.37, -840, "T", "DIP", "GND", "GND", "C", 51.181, 51.181, 31.496, 31.496, 0],
		[12, "100uF_2", 3214.37, -840, "B", "DIP", "GND", "GND", "C", 51.181, 51.181, 31.496, 31.496, 0],
		[13, "ESP32 C3 SUPERMINI_1", 2371.5, -824.5, "T", "DIP", "NET_1", "", "R", 100, 60, 36, 36, 0],
		[14, "ESP32 C3 SUPERMINI_1", 2371.5, -824.5, "B", "DIP", "NET_1", "", "R", 100, 60, 36, 36, 0],
		[15, "ESP32 C3 SUPERMINI_2", 2371.5, -924.5, "T", "DIP", "NET_2", "", "R", 100, 60, 36, 36, 0],
		[16, "ESP32 C3 SUPERMINI_2", 2371.5, -924.5, "B", "DIP", "NET_2", "", "R", 100, 60, 36, 36, 0],
		[17, "ESP32 C3 SUPERMINI_3", 2371.5, -1024.5, "T", "DIP", "NET_3", "", "R", 100, 60, 36, 36, 0],
		[18, "ESP32 C3 SUPERMINI_3", 2371.5, -1024.5, "B", "DIP", "NET_3", "", "R", 100, 60, 36, 36, 0],
		[19, "ESP32 C3 SUPERMINI_4", 2371.5, -1124.5, "T", "DIP", "NET_4", "", "R", 100, 60, 36, 36, 0],
		[20, "ESP32 C3 SUPERMINI_4", 2371.5, -1124.5, "B", "DIP", "NET_4", "", "R", 100, 60, 36, 36, 0],
		[21, "ESP32 C3 SUPERMINI_5", 2371.5, -1224.5, "T", "DIP", "NET_5", "", "R", 100, 60, 36, 36, 0],
		[22, "ESP32 C3 SUPERMINI_5", 2371.5, -1224.5, "B", "DIP", "NET_5", "", "R", 100, 60, 36, 36, 0],
		[23, "ESP32 C3 SUPERMINI_6", 2371.5, -1324.5, "T", "DIP", "NET_6", "", "R", 100, 60, 36, 36, 0],
		[24, "ESP32 C3 SUPERMINI_6", 2371.5, -1324.5, "B", "DIP", "NET_6", "", "R", 100, 60, 36, 36, 0],
		[25, "ESP32 C3 SUPERMINI_7", 2371.5, -1424.5, "T", "DIP", "NET_7", "", "R", 100, 60, 36, 36, 0],
		[26, "ESP32 C3 SUPERMINI_7", 2371.5, -1424.5, "B", "DIP", "NET_7", "", "R", 100, 60, 36, 36, 0],
		[27, "ESP32 C3 SUPERMINI_8", 2371.5, -1524.5, "T", "DIP", "NET_8", "", "R", 100, 60, 36, 36, 0],
		[28, "ESP32 C3 SUPERMINI_8", 2371.5, -1524.5, "B", "DIP", "NET_8", "", "R", 100, 60, 36, 36, 0],
		[29, "ESP32 C3 SUPERMINI_9", 2971.5, -1524.5, "T", "DIP", "REL", "", "R", 100, 60, 36, 36, 0],
		[30, "ESP32 C3 SUPERMINI_9", 2971.5, -1524.5, "B", "DIP", "REL", "", "R", 100, 60, 36, 36, 0],
		[31, "ESP32 C3 SUPERMINI_10", 2971.5, -1424.5, "T", "DIP", "BTN", "", "R", 100, 60, 36, 36, 0],
		[32, "ESP32 C3 SUPERMINI_10", 2971.5, -1424.5, "B", "DIP", "BTN", "", "R", 100, 60, 36, 36, 0],
		[33, "ESP32 C3 SUPERMINI_11", 2971.5, -1324.5, "T", "DIP", "NET_9", "", "R", 100, 60, 36, 36, 0],
		[34, "ESP32 C3 SUPERMINI_11", 2971.5, -1324.5, "B", "DIP", "NET_9", "", "R", 100, 60, 36, 36, 0],
		[35, "ESP32 C3 SUPERMINI_12", 2971.5, -1224.5, "T", "DIP", "NET_10", "", "R", 100, 60, 36, 36, 0],
		[36, "ESP32 C3 SUPERMINI_12", 2971.5, -1224.5, "B", "DIP", "NET_10", "", "R", 100, 60, 36, 36, 0],
		[37, "ESP32 C3 SUPERMINI_13", 2971.5, -1124.5, "T", "DIP", "NET_11", "", "R", 100, 60, 36, 36, 0],
		[38, "ESP32 C3 SUPERMINI_13", 2971.5, -1124.5, "B", "DIP", "NET_11", "", "R", 100, 60, 36, 36, 0],
		[39, "ESP32 C3 SUPERMINI_14", 2971.5, -1024.5, "T", "DIP", "NET_12", "", "R", 100, 60, 36, 36, 0],
		[40, "ESP32 C3 SUPERMINI_14", 2971.5, -1024.5, "B", "DIP", "NET_12", "", "R", 100, 60, 36, 36, 0],
		[41, "ESP32 C3 SUPERMINI_15", 2971.5, -929.5, "T", "DIP", "GND", "GND", "R", 100, 60, 36, 36, 0],
		[42, "ESP32 C3 SUPERMINI_15", 2971.5, -929.5, "B", "DIP", "GND", "GND", "R", 100, 60, 36, 36, 0],
		[43, "ESP32 C3 SUPERMINI_16", 2971.5, -824.5, "T", "DIP", "+5V", "", "R", 100, 60, 36, 36, 0],
		[44, "ESP32 C3 SUPERMINI_16", 2971.5, -824.5, "B", "DIP", "+5V", "", "R", 100, 60, 36, 36, 0],
		[45, "NPN_1", 2758.93, -1747.0832, "T", "SMD", "$1N674", "", "R", 42.126, 23.622, 0, 0, 0],
		[46, "NPN_2", 2758.93, -1672.2832, "T", "SMD", "GND", "GND", "R", 42.126, 23.622, 0, 0, 0],
		[47, "NPN_3", 2661.68, -1709.6832, "T", "SMD", "$1N671", "", "R", 42.126, 23.622, 0, 0, 0],
		[48, "Pump switch_1", 2010.35, -1733.58, "T", "SMD", "GND", "GND", "R", 74.803, 51.181, 0, 0, 180],
		[49, "Pump switch_2", 1679.65, -1733.58, "T", "SMD", "GND", "GND", "R", 74.803, 51.181, 0, 0, 180],
		[50, "Pump switch_3", 2010.35, -1556.42, "T", "SMD", "BTN", "", "R", 74.803, 51.181, 0, 0, 180],
		[51, "Pump switch_4", 1679.65, -1556.42, "T", "SMD", "BTN", "", "R", 74.803, 51.181, 0, 0, 180],
		[52, "RELAY_1", 2186.22, -1360.79, "T", "DIP", "$1N671", "", "C", 110, 110, 60, 60, 270],
		[53, "RELAY_1", 2186.22, -1360.79, "B", "DIP", "$1N671", "", "C", 110, 110, 60, 60, 270],
		[54, "RELAY_2", 2186.2, -880.47, "T", "DIP", "WP+", "", "C", 110, 110, 60, 60, 270],
		[55, "RELAY_2", 2186.2, -880.47, "B", "DIP", "WP+", "", "C", 110, 110, 60, 60, 270],
		[56, "RELAY_3", 1713.8, -880.47, "T", "DIP", "NET_13", "", "C", 110, 110, 60, 60, 270],
		[57, "RELAY_3", 1713.8, -880.47, "B", "DIP", "NET_13", "", "C", 110, 110, 60, 60, 270],
		[58, "RELAY_4", 1713.78, -1360.79, "T", "DIP", "+5V", "", "C", 110, 110, 60, 60, 270],
		[59, "RELAY_4", 1713.78, -1360.79, "B", "DIP", "+5V", "", "C", 110, 110, 60, 60, 270],
		[60, "RELAY_5", 1950, -1439.53, "T", "DIP", "+5V", "", "C", 110, 110, 60, 60, 270],
		[61, "RELAY_5", 1950, -1439.53, "B", "DIP", "+5V", "", "C", 110, 110, 60, 60, 270],
		[62, "SS14_1", 2377.64, -1710, "T", "SMD", "+5V", "", "R", 59.842, 66.142, 0, 0, 0],
		[63, "SS14_2", 2532.36, -1710, "T", "SMD", "$1N671", "", "R", 59.842, 66.142, 0, 0, 0],
		[64, "Water pump_1", 3158.779, -1640, "T", "DIP", "GND", "GND", "C", 66.929, 66.929, 39.37, 39.37, 90],
		[65, "Water pump_1", 3158.779, -1640, "B", "DIP", "GND", "GND", "C", 66.929, 66.929, 39.37, 39.37, 90],
		[66, "Water pump_2", 3158.779, -1540, "T", "DIP", "WP+", "", "C", 66.929, 66.929, 39.37, 39.37, 90],
		[67, "Water pump_2", 3158.779, -1540, "B", "DIP", "WP+", "", "C", 66.929, 66.929, 39.37, 39.37, 90],
		[68, "PAD1_1", 3135.63, -840, "T", "DIP", "+5V", "", "C", 51.181, 51.181, 31.496, 31.496, 0],
		[69, "PAD1_1", 3135.63, -840, "B", "DIP", "+5V", "", "C", 51.181, 51.181, 31.496, 31.496, 0],
		[70, "PAD2_2", 3214.37, -840, "T", "DIP", "GND", "GND", "C", 51.181, 51.181, 31.496, 31.496, 0],
		[71, "PAD2_2", 3214.37, -840, "B", "DIP", "GND", "GND", "C", 51.181, 51.181, 31.496, 31.496, 0],
		[72, "PAD3_2", 3132.2984, -1028.171, "T", "SMD", "+5V", "", "R", 55.512, 53.15, 0, 0, 180],
		[73, "PAD4_1", 3211.0384, -1028.171, "T", "SMD", "GND", "GND", "R", 55.512, 53.15, 0, 0, 180],
		[74, "PAD5_1", 3158.779, -1315, "T", "DIP", "GND", "GND", "C", 66.929, 66.929, 39.37, 39.37, 90],
		[75, "PAD5_1", 3158.779, -1315, "B", "DIP", "GND", "GND", "C", 66.929, 66.929, 39.37, 39.37, 90],
		[76, "PAD6_2", 3158.779, -1215, "T", "DIP", "+5V", "", "C", 66.929, 66.929, 39.37, 39.37, 90],
		[77, "PAD6_2", 3158.779, -1215, "B", "DIP", "+5V", "", "C", 66.929, 66.929, 39.37, 39.37, 90],
		[78, "PAD7_1", 3158.779, -1640, "T", "DIP", "GND", "GND", "C", 66.929, 66.929, 39.37, 39.37, 90],
		[79, "PAD7_1", 3158.779, -1640, "B", "DIP", "GND", "GND", "C", 66.929, 66.929, 39.37, 39.37, 90],
		[80, "PAD8_2", 3158.779, -1540, "T", "DIP", "WP+", "", "C", 66.929, 66.929, 39.37, 39.37, 90],
		[81, "PAD8_2", 3158.779, -1540, "B", "DIP", "WP+", "", "C", 66.929, 66.929, 39.37, 39.37, 90],
		[82, "PAD9_2", 2532.36, -1710, "T", "SMD", "$1N671", "", "R", 59.842, 66.142, 0, 0, 0],
		[83, "PAD10_1", 2377.64, -1710, "T", "SMD", "+5V", "", "R", 59.842, 66.142, 0, 0, 0],
		[84, "PAD11_1", 2758.93, -1747.0832, "T", "SMD", "$1N674", "", "R", 42.126, 23.622, 0, 0, 0],
		[85, "PAD12_2", 2758.93, -1672.2832, "T", "SMD", "GND", "GND", "R", 42.126, 23.622, 0, 0, 0],
		[86, "PAD13_3", 2661.68, -1709.6832, "T", "SMD", "$1N671", "", "R", 42.126, 23.622, 0, 0, 0],
		[87, "PAD14_2", 2906.89, -1700, "T", "SMD", "$1N674", "", "R", 44.588, 54.213, 0, 0, 180],
		[88, "PAD15_1", 2985.63, -1700, "T", "SMD", "REL", "", "R", 44.588, 54.213, 0, 0, 180],
		[89, "PAD16_2", 2186.2, -880.47, "T", "DIP", "WP+", "", "C", 110, 110, 60, 60, 270],
		[90, "PAD16_2", 2186.2, -880.47, "B", "DIP", "WP+", "", "C", 110, 110, 60, 60, 270],
		[91, "PAD17_5", 1950, -1439.53, "T", "DIP", "+5V", "", "C", 110, 110, 60, 60, 270],
		[92, "PAD17_5", 1950, -1439.53, "B", "DIP", "+5V", "", "C", 110, 110, 60, 60, 270],
		[93, "PAD18_4", 1713.78, -1360.79, "T", "DIP", "+5V", "", "C", 110, 110, 60, 60, 270],
		[94, "PAD18_4", 1713.78, -1360.79, "B", "DIP", "+5V", "", "C", 110, 110, 60, 60, 270],
		[95, "PAD19_1", 2186.22, -1360.79, "T", "DIP", "$1N671", "", "C", 110, 110, 60, 60, 270],
		[96, "PAD19_1", 2186.22, -1360.79, "B", "DIP", "$1N671", "", "C", 110, 110, 60, 60, 270],
		[97, "PAD20_9", 2971.5, -1524.5, "T", "DIP", "REL", "", "R", 100, 60, 36, 36, 0],
		[98, "PAD20_9", 2971.5, -1524.5, "B", "DIP", "REL", "", "R", 100, 60, 36, 36, 0],
		[99, "PAD21_10", 2971.5, -1424.5, "T", "DIP", "BTN", "", "R", 100, 60, 36, 36, 0],
		[100, "PAD21_10", 2971.5, -1424.5, "B", "DIP", "BTN", "", "R", 100, 60, 36, 36, 0],
		[101, "PAD22_15", 2971.5, -929.5, "T", "DIP", "GND", "GND", "R", 100, 60, 36, 36, 0],
		[102, "PAD22_15", 2971.5, -929.5, "B", "DIP", "GND", "GND", "R", 100, 60, 36, 36, 0],
		[103, "PAD23_16", 2971.5, -824.5, "T", "DIP", "+5V", "", "R", 100, 60, 36, 36, 0],
		[104, "PAD23_16", 2971.5, -824.5, "B", "DIP", "+5V", "", "R", 100, 60, 36, 36, 0],
		[105, "PAD24_1", 2010.35, -1733.58, "T", "SMD", "GND", "GND", "R", 74.803, 51.181, 0, 0, 180],
		[106, "PAD25_2", 1679.65, -1733.58, "T", "SMD", "GND", "GND", "R", 74.803, 51.181, 0, 0, 180],
		[107, "PAD26_3", 2010.35, -1556.42, "T", "SMD", "BTN", "", "R", 74.803, 51.181, 0, 0, 180],
		[108, "PAD27_4", 1679.65, -1556.42, "T", "SMD", "BTN", "", "R", 74.803, 51.181, 0, 0, 180]
	]
}
}