{
"lengthUnit": "mil",
"components": {
	"fields": ["COMPONENT_NO", "COMPONENT_NAME", "LAYER", "X_COORDINATE", "Y_COORDINATE", "ANGLE"],
	"rows": [
		[1, "1kR", "T", 3250, -2000, 0],
		[2, "2N2222", "T", 2990, -1900, 0],
		[3, "3.7V 18650", "T", 2570, -2555, 90],
		[4, "10kR", "T", 3249.37, -1824.37, 0],
		[5, "100uF", "T", 3850, -1905, 0],
		[6, "100uFN1", "T", 3525, -1900, 0],
		[7, "DHT22", "T", 4445, -2040, 0],
		[8, "ESP32 C3 SUPERMINI", "T", 1465, -1475, 0],
		[9, "LDR", "T", 4250, -2895, 270],
		[10, "MT3608 Step up converter", "T", 2880, -1015, 0],
		[11, "Soil moisture", "T", 4595, -2500, 90],
		[12, "Solar panel", "T", 4570, -2870, 0],
		[13, "SS14", "T", 4161.03, -2021.03, 0],
		[14, "SS14N1", "T", 4158.02, -1797.1, 0],
		[15, "TP4056", "T", 2075, -1015, 270],
		[16, "Water level", "T", 4605, -1170, 90],
		[17, "Water pump", "T", 4575, -1610, 0]
	]
},
"pins": {
	"fields": ["PIN_NO", "PIN_NAME", "PIN_X", "PIN_Y", "LAYER", "PIN_TYPE", "NET_NAME", "NET_TYPE", "PAD_SHAPE", "PAD_SIZEX", "PAD_SIZEY", "HOLE_SIZE", "PAD_ANGLE"],
	"rows": [
		[1, "1kR_1", 3210.63, -2000, "T", "SMD", "$1N2354", "", "R", 44.59, 54.21, 0, 0],
		[2, "1kR_2", 3289.37, -2000, "T", "SMD", "IO3", "", "R", 44.59, 54.21, 0, 0],
		[3, "2N2222_1", 2940, -1900, "T", "DIP", "GND", "GND", "R", 35.43, 62.99, 27.56, 0],
		[4, "2N2222_1", 2940, -1900, "B", "DIP", "GND", "GND", "R", 35.43, 62.99, 27.56, 0],
		[5, "2N2222_2", 2990, -1900, "T", "DIP", "$1N2354", "", "O", 35.43, 62.99, 27.56, 0],
		[6, "2N2222_2", 2990, -1900, "B", "DIP", "$1N2354", "", "O", 35.43, 62.99, 27.56, 0],
		[7, "2N2222_3", 3040, -1900, "T", "DIP", "WP-", "", "O", 35.43, 62.99, 27.56, 0],
		[8, "2N2222_3", 3040, -1900, "B", "DIP", "WP-", "", "O", 35.43, 62.99, 27.56, 0],
		[9, "3.7V 18650_1", 4196.5, -2555, "T", "SMD", "BAT-", "", "R", 300, 200, 0, 90],
		[10, "3.7V 18650_2", 943.5, -2555, "T", "SMD", "BAT+", "", "R", 300, 200, 0, 90],
		[11, "10kR_1", 3210, -1824.37, "T", "SMD", "GND", "GND", "R", 44.59, 54.21, 0, 0],
		[12, "10kR_2", 3288.74, -1824.37, "T", "SMD", "IO1", "", "R", 44.59, 54.21, 0, 0],
		[13, "100uF_1", 3800.79, -1905, "T", "DIP", "SO+", "", "C", 59.05, 59.05, 35.43, 0],
		[14, "100uF_1", 3800.79, -1905, "B", "DIP", "SO+", "", "C", 59.05, 59.05, 35.43, 0],
		[15, "100uF_2", 3899.21, -1905, "T", "DIP", "SO-", "", "C", 59.05, 59.05, 35.43, 0],
		[16, "100uF_2", 3899.21, -1905, "B", "DIP", "SO-", "", "C", 59.05, 59.05, 35.43, 0],
		[17, "100uFN1_1", 3475.79, -1900, "T", "DIP", "BAT+", "", "C", 59.05, 59.05, 35.43, 0],
		[18, "100uFN1_1", 3475.79, -1900, "B", "DIP", "BAT+", "", "C", 59.05, 59.05, 35.43, 0],
		[19, "100uFN1_2", 3574.21, -1900, "T", "DIP", "BAT-", "", "C", 59.05, 59.05, 35.43, 0],
		[20, "100uFN1_2", 3574.21, -1900, "B", "DIP", "BAT-", "", "C", 59.05, 59.05, 35.43, 0],
		[21, "DHT22_1", 4445, -2190, "T", "DIP", "VCC", "", "R", 51, 51, 28, 270],
		[22, "DHT22_1", 4445, -2190, "B", "DIP", "VCC", "", "R", 51, 51, 28, 270],
		[23, "DHT22_2", 4445, -2090, "T", "DIP", "IO4", "", "C", 51, 51, 28, 270],
		[24, "DHT22_2", 4445, -2090, "B", "DIP", "IO4", "", "C", 51, 51, 28, 270],
		[25, "DHT22_3", 4445, -1990, "T", "DIP", "DHT22_3", "", "C", 51, 51, 28, 270],
		[26, "DHT22_3", 4445, -1990, "B", "DIP", "DHT22_3", "", "C", 51, 51, 28, 270],
		[27, "DHT22_4", 4445, -1890, "T", "DIP", "GND", "GND", "C", 51, 51, 28, 270],
		[28, "DHT22_4", 4445, -1890, "B", "DIP", "GND", "GND", "C", 51, 51, 28, 270],
		[29, "ESP32 C3 SUPERMINI_1", 1095, -1155, "T", "SMD", "ESP32 C3 SUPERMINI_1", "", "R", 100, 60, 0, 0],
		[30, "ESP32 C3 SUPERMINI_2", 1095, -1255, "T", "SMD", "ESP32 C3 SUPERMINI_2", "", "R", 100, 60, 0, 0],
		[31, "ESP32 C3 SUPERMINI_3", 1095, -1355, "T", "SMD", "ESP32 C3 SUPERMINI_3", "", "R", 100, 60, 0, 0],
		[32, "ESP32 C3 SUPERMINI_4", 1095, -1455, "T", "SMD", "ESP32 C3 SUPERMINI_4", "", "R", 100, 60, 0, 0],
		[33, "ESP32 C3 SUPERMINI_5", 1095, -1555, "T", "SMD", "ESP32 C3 SUPERMINI_5", "", "R", 100, 60, 0, 0],
		[34, "ESP32 C3 SUPERMINI_6", 1095, -1655, "T", "SMD", "ESP32 C3 SUPERMINI_6", "", "R", 100, 60, 0, 0],
		[35, "ESP32 C3 SUPERMINI_7", 1095, -1755, "T", "SMD", "ESP32 C3 SUPERMINI_7", "", "R", 100, 60, 0, 0],
		[36, "ESP32 C3 SUPERMINI_8", 1095, -1855, "T", "SMD", "ESP32 C3 SUPERMINI_8", "", "R", 100, 60, 0, 0],
		[37, "ESP32 C3 SUPERMINI_9", 1835, -1855, "T", "SMD", "IO0", "", "R", 100, 60, 0, 0],
		[38, "ESP32 C3 SUPERMINI_10", 1835, -1755, "T", "SMD", "IO1", "", "R", 100, 60, 0, 0],
		[39, "ESP32 C3 SUPERMINI_11", 1835, -1655, "T", "SMD", "IO2", "", "R", 100, 60, 0, 0],
		[40, "ESP32 C3 SUPERMINI_12", 1835, -1555, "T", "SMD", "IO3", "", "R", 100, 60, 0, 0],
		[41, "ESP32 C3 SUPERMINI_13", 1835, -1455, "T", "SMD", "IO4", "", "R", 100, 60, 0, 0],
		[42, "ESP32 C3 SUPERMINI_14", 1835, -1355, "T", "SMD", "VCC", "", "R", 100, 60, 0, 0],
		[43, "ESP32 C3 SUPERMINI_15", 1835, -1255, "T", "SMD", "GND", "GND", "R", 100, 60, 0, 0],
		[44, "ESP32 C3 SUPERMINI_16", 1835, -1155, "T", "SMD", "+5V", "", "R", 100, 60, 0, 0],
		[45, "LDR_1", 4316.93, -2895, "T", "DIP", "IO1", "", "C", 60, 60, 30, 180],
		[46, "LDR_1", 4316.93, -2895, "B", "DIP", "IO1", "", "C", 60, 60, 30, 180],
		[47, "LDR_2", 4183.07, -2895, "T", "DIP", "VCC", "", "C", 60, 60, 30, 180],
		[48, "LDR_2", 4183.07, -2895, "B", "DIP", "VCC", "", "C", 60, 60, 30, 180],
		[49, "MT3608 Step up converter_1", 4215.47, -1220, "T", "DIP", "BAT+", "", "R", 196.85, 118.11, 35.98, 0],
		[50, "MT3608 Step up converter_1", 4215.47, -1220, "B", "DIP", "BAT+", "", "R", 196.85, 118.11, 35.98, 0],
		[51, "MT3608 Step up converter_2", 4215.47, -1479.85, "T", "DIP", "BAT-", "", "R", 196.85, 118.11, 36, 0],
		[52, "MT3608 Step up converter_2", 4215.47, -1479.85, "B", "DIP", "BAT-", "", "R", 196.85, 118.11, 36, 0],
		[53, "MT3608 Step up converter_3", 2995, -1220, "T", "DIP", "GND", "GND", "R", 196.85, 118.11, 35.98, 0],
		[54, "MT3608 Step up converter_3", 2995, -1220, "B", "DIP", "GND", "GND", "R", 196.85, 118.11, 35.98, 0],
		[55, "MT3608 Step up converter_4", 2995, -1479.85, "T", "DIP", "$1N1965", "", "R", 196.85, 118.11, 36, 0],
		[56, "MT3608 Step up converter_4", 2995, -1479.85, "B", "DIP", "$1N1965", "", "R", 196.85, 118.11, 36, 0],
		[57, "Soil moisture_1", 4595, -2600, "T", "DIP", "GND", "GND", "R", 66.93, 66.93, 43.31, 90],
		[58, "Soil moisture_1", 4595, -2600, "B", "DIP", "GND", "GND", "R", 66.93, 66.93, 43.31, 90],
		[59, "Soil moisture_2", 4595, -2500, "T", "DIP", "VCC", "", "C", 66.93, 66.93, 43.31, 90],
		[60, "Soil moisture_2", 4595, -2500, "B", "DIP", "VCC", "", "C", 66.93, 66.93, 43.31, 90],
		[61, "Soil moisture_3", 4595, -2400, "T", "DIP", "IO0", "", "C", 66.93, 66.93, 43.31, 90],
		[62, "Soil moisture_3", 4595, -2400, "B", "DIP", "IO0", "", "C", 66.93, 66.93, 43.31, 90],
		[63, "Solar panel_1", 4570, -2770, "T", "SMD", "SO+", "", "R", 124.8, 50, 0, 360],
		[64, "Solar panel_2", 4570, -2870, "T", "SMD", "SO-", "", "R", 124.8, 50, 0, 360],
		[65, "SS14_1", 4060.03, -2021.03, "T", "SMD", "+5V", "", "R", 86.61, 66.93, 0, 0],
		[66, "SS14_2", 4262.03, -2021.03, "T", "SMD", "$1N1965", "", "R", 86.61, 66.93, 0, 0],
		[67, "SS14N1_1", 4057.02, -1797.1, "T", "SMD", "BAT+", "", "R", 86.61, 66.93, 0, 0],
		[68, "SS14N1_2", 4259.02, -1797.1, "T", "SMD", "$1N1386", "", "R", 86.61, 66.93, 0, 0],
		[69, "TP4056_1", 2665.49, -1093.82, "T", "DIP", "SO+", "", "R", 60, 60, 36, 270],
		[70, "TP4056_1", 2665.49, -1093.82, "B", "DIP", "SO+", "", "R", 60, 60, 36, 270],
		[71, "TP4056_2", 2153.74, -1093.74, "T", "DIP", "SO-", "", "R", 60, 60, 36, 270],
		[72, "TP4056_2", 2153.74, -1093.74, "B", "DIP", "SO-", "", "R", 60, 60, 36, 270],
		[73, "TP4056_3", 2665.55, -1959.88, "T", "DIP", "TP4056_3", "", "R", 60, 60, 36, 270],
		[74, "TP4056_3", 2665.55, -1959.88, "B", "DIP", "TP4056_3", "", "R", 60, 60, 36, 270],
		[75, "TP4056_4", 2567.12, -1959.88, "T", "DIP", "$1N1386", "", "R", 60, 60, 36, 270],
		[76, "TP4056_4", 2567.12, -1959.88, "B", "DIP", "$1N1386", "", "R", 60, 60, 36, 270],
		[77, "TP4056_5", 2252.1, -1959.96, "T", "DIP", "BAT-", "", "R", 60, 60, 36, 270],
		[78, "TP4056_5", 2252.1, -1959.96, "B", "DIP", "BAT-", "", "R", 60, 60, 36, 270],
		[79, "TP4056_6", 2153.7, -1959.9, "T", "DIP", "TP4056_6", "", "R", 60, 60, 36, 270],
		[80, "TP4056_6", 2153.7, -1959.9, "B", "DIP", "TP4056_6", "", "R", 60, 60, 36, 270],
		[81, "Water level_1", 4605, -1270, "T", "DIP", "GND", "GND", "R", 62, 62, 40.16, 90],
		[82, "Water level_1", 4605, -1270, "B", "DIP", "GND", "GND", "R", 62, 62, 40.16, 90],
		[83, "Water level_2", 4605, -1170, "T", "DIP", "VCC", "", "C", 62, 62, 40.16, 90],
		[84, "Water level_2", 4605, -1170, "B", "DIP", "VCC", "", "C", 62, 62, 40.16, 90],
		[85, "Water level_3", 4605, -1070, "T", "DIP", "IO2", "", "C", 62, 62, 40.16, 90],
		[86, "Water level_3", 4605, -1070, "B", "DIP", "IO2", "", "C", 62, 62, 40.16, 90],
		[87, "Water pump_1", 4575, -1510, "T", "SMD", "VCC", "", "R", 124.8, 50, 0, 360],
		[88, "Water pump_2", 4575, -1610, "T", "SMD", "WP-", "", "R", 124.8, 50, 0, 360]
	]
}
}